LANGUAGE	call-targets	c2luax9zb3VyY2UfdHJhbnNmb3Jt
LANGUAGE	main-calls	c2luax9zb3VyY2UfdHJhbnNmb3Jt
LANGUAGE	main-parameter	c2VsZh91c2Vy
LANGUAGE	parameter-types	QU5ZH0FOWR9BTlkfQU5ZH3JiOjxtYWluPh9yYjo8bWFpbj4fcmI6PG1haW4+H3JiOjxtYWluPg==
LANGUAGE	references	Y2xlYW4fcmF3
LANGUAGE	return-types	QU5ZH0FOWR9BTlkfQU5Z
LANGUAGE	returns	cHV0cyh2YWx1ZSkfc2luayhjbGVhbikfdmFsdWUfdmFsdWU=
LANGUAGE	sink-parameter	c2VsZh92YWx1ZQ==
LANGUAGE	source-flow	c291cmNlKHVzZXIp
LANGUAGE	source-parameter	c2VsZh92YWx1ZQ==
LANGUAGE	transform-parameter	c2VsZh92YWx1ZQ==
LANGUAGE	user-calls	c2luax9zb3VyY2UfdHJhbnNmb3Jt
LANGUAGE	user-methods	bWFpbh9zaW5rH3NvdXJjZR90cmFuc2Zvcm0=
